{"cameraMode":{"drawMode":0,"name":"Shaded","section":"Shading Mode"},"sceneLighting":false,"audioPlay":false,"sceneViewState":{"showFog":true,"showMaterialUpdate":false,"showSkybox":false,"showFlares":true,"showImageEffects":true,"showParticleSystems":true,"showVisualEffectGraphs":true,"m_FxEnabled":false},"in2DMode":false,"pivot":{"x":0.62825608253479,"y":4.250585556030273,"z":-0.0604931116104126},"rotation":{"x":-0.0029997846577316524,"y":0.0189155712723732,"z":0.000049279220547759905,"w":0.9998504519462586},"size":1.207395076751709,"orthographic":false}