{"cameraMode":{"drawMode":0,"name":"Shaded","section":"Shading Mode"},"sceneLighting":true,"audioPlay":false,"sceneViewState":{"showFog":true,"showMaterialUpdate":false,"showSkybox":true,"showFlares":true,"showImageEffects":true,"showParticleSystems":true,"showVisualEffectGraphs":true,"m_FxEnabled":false},"in2DMode":false,"pivot":{"x":-1.0450806617736817,"y":3.8668670654296877,"z":0.11117792129516602},"rotation":{"x":0.07044406235218048,"y":0.0024051491636782886,"z":-0.00026944593992084265,"w":0.997561514377594},"size":5.462710380554199,"orthographic":false}