{"cameraMode":{"drawMode":0,"name":"Shaded","section":"Shading Mode"},"sceneLighting":true,"audioPlay":false,"sceneViewState":{"showFog":true,"showMaterialUpdate":false,"showSkybox":true,"showFlares":true,"showImageEffects":true,"showParticleSystems":true,"showVisualEffectGraphs":true,"m_FxEnabled":false},"in2DMode":false,"pivot":{"x":-0.8565367460250855,"y":2.6111092567443849,"z":-1.1152348518371583},"rotation":{"x":-0.02099270187318325,"y":-0.024576352909207345,"z":-0.00052540039177984,"w":0.9994958639144898},"size":2.8870978355407717,"orthographic":false}