{"cameraMode":{"drawMode":0,"name":"Shaded","section":"Shading Mode"},"sceneLighting":false,"audioPlay":false,"sceneViewState":{"showFog":true,"showMaterialUpdate":false,"showSkybox":false,"showFlares":true,"showImageEffects":true,"showParticleSystems":true,"showVisualEffectGraphs":true,"m_FxEnabled":false},"in2DMode":false,"pivot":{"x":-1.0670173168182374,"y":0.8705607652664185,"z":0.8254667520523071},"rotation":{"x":0.11222517490386963,"y":0.2254248708486557,"z":-0.026232212781906129,"w":0.9674869775772095},"size":5.023612022399902,"orthographic":false}