{"cameraMode":{"drawMode":0,"name":"Shaded","section":"Shading Mode"},"sceneLighting":false,"audioPlay":false,"sceneViewState":{"showFog":true,"showMaterialUpdate":false,"showSkybox":false,"showFlares":true,"showImageEffects":true,"showParticleSystems":true,"showVisualEffectGraphs":true,"m_FxEnabled":true},"in2DMode":false,"pivot":{"x":-0.23118376731872559,"y":0.3554147481918335,"z":0.18260982632637025},"rotation":{"x":-0.15175846219062806,"y":0.7191146612167358,"z":-0.16594700515270234,"w":-0.657537043094635},"size":1.4568802118301392,"orthographic":false}