{"cameraMode":{"drawMode":0,"name":"Shaded","section":"Shading Mode"},"sceneLighting":false,"audioPlay":false,"sceneViewState":{"showFog":true,"showMaterialUpdate":false,"showSkybox":false,"showFlares":true,"showImageEffects":true,"showParticleSystems":true,"showVisualEffectGraphs":true,"m_FxEnabled":true},"in2DMode":false,"pivot":{"x":-0.3142887055873871,"y":0.6913750171661377,"z":-0.341704785823822},"rotation":{"x":-0.009222506545484066,"y":0.13814891874790193,"z":-0.0012716124765574933,"w":-0.9903919100761414},"size":1.8339745998382569,"orthographic":false}