{"cameraMode":{"drawMode":0,"name":"Shaded","section":"Shading Mode"},"sceneLighting":false,"audioPlay":false,"sceneViewState":{"showFog":true,"showMaterialUpdate":false,"showSkybox":true,"showFlares":true,"showImageEffects":true,"showParticleSystems":true},"in2DMode":false,"pivot":{"x":2.8423538208007814,"y":-2.2321224212646486,"z":-0.7428340911865234},"rotation":{"x":-0.0902019813656807,"y":0.9095584750175476,"z":-0.2756982743740082,"w":-0.29758596420288088},"size":11.925186157226563,"orthographic":false}